{
	"info": {
		"_postman_id": "173d5c1e-9939-4464-8636-d6e26f17dc36",
		"name": "URL Shortener",
		"schema": "https://schema.getpostman.com/json/collection/v2.1.0/collection.json"
	},
	"item": [
		{
			"name": "/save",
			"event": [
				{
					"listen": "test",
					"script": {
						"id": "b03155ec-d77c-4605-a560-cdde158098d6",
						"type": "text/javascript",
						"exec": [
							"var jsonData = JSON.parse(responseBody);",
							"postman.setEnvironmentVariable(\"ID\", jsonData.id);"
						]
					}
				}
			],
			"request": {
				"method": "POST",
				"header": [],
				"body": {
					"mode": "raw",
					"raw": ""
				},
				"url": {
					"raw": "localhost:8080/save?originalUrl=http://www.globo.com",
					"host": [
						"localhost"
					],
					"port": "8080",
					"path": [
						"save"
					],
					"query": [
						{
							"key": "originalUrl",
							"value": "http://www.globo.com"
						}
					]
				}
			},
			"response": []
		},
		{
			"name": "/getById",
			"request": {
				"method": "GET",
				"header": [],
				"body": {
					"mode": "raw",
					"raw": ""
				},
				"url": {
					"raw": "localhost:8080/getById?id={{ID}}",
					"host": [
						"localhost"
					],
					"port": "8080",
					"path": [
						"getById"
					],
					"query": [
						{
							"key": "id",
							"value": "{{ID}}"
						}
					]
				}
			},
			"response": []
		}
	]
}